{
  "stats": {
    "suites": 1,
    "tests": 1,
    "passes": 1,
    "pending": 0,
    "failures": 0,
    "start": "2020-09-29T12:28:03.373Z",
    "end": "2020-09-29T12:28:06.760Z",
    "duration": 3387,
    "testsRegistered": 1,
    "passPercent": 100,
    "pendingPercent": 0,
    "other": 0,
    "hasOther": false,
    "skipped": 0,
    "hasSkipped": false
  },
  "results": [
    {
      "uuid": "04c37162-d95b-4501-ae8d-60f39144ef44",
      "title": "",
      "fullFile": "cypress\\integration\\testcases\\OpenAccountTest.spec.js",
      "file": "cypress\\integration\\testcases\\OpenAccountTest.spec.js",
      "beforeHooks": [],
      "afterHooks": [],
      "tests": [],
      "suites": [
        {
          "uuid": "e1a0a15e-0aeb-4375-b49a-1cec018df422",
          "title": "Open account for the Customer",
          "fullFile": "",
          "file": "",
          "beforeHooks": [],
          "afterHooks": [],
          "tests": [
            {
              "title": "Open account test",
              "fullTitle": "Open account for the Customer Open account test",
              "timedOut": null,
              "duration": 3342,
              "state": "passed",
              "speed": "slow",
              "pass": true,
              "fail": false,
              "pending": false,
              "context": null,
              "code": "homePage.loginAsBankManager();\naddCust.addCustomerDetails(data.firstname, data.lastname, data.postcode);\naddCust.validateAlert(data.alertmsg);\nopenAccount.openaccount(data.customer, data.currency);\nopenAccount.validateAlert(data.accountalert);",
              "err": {},
              "uuid": "64723e3a-3688-4425-8f3c-3de9627646a4",
              "parentUUID": "e1a0a15e-0aeb-4375-b49a-1cec018df422",
              "isHook": false,
              "skipped": false
            }
          ],
          "suites": [],
          "passes": [
            "64723e3a-3688-4425-8f3c-3de9627646a4"
          ],
          "failures": [],
          "pending": [],
          "skipped": [],
          "duration": 3342,
          "root": false,
          "rootEmpty": false,
          "_timeout": 2000
        }
      ],
      "passes": [],
      "failures": [],
      "pending": [],
      "skipped": [],
      "duration": 0,
      "root": true,
      "rootEmpty": true,
      "_timeout": 2000
    }
  ],
  "meta": {
    "mocha": {
      "version": "7.0.1"
    },
    "mochawesome": {
      "options": {
        "quiet": false,
        "reportFilename": "testresults",
        "saveHtml": true,
        "saveJson": true,
        "consoleReporter": "spec",
        "useInlineDiffs": false,
        "code": true
      },
      "version": "6.1.1"
    },
    "marge": {
      "options": {
        "reportDir": "cypress/reports",
        "reportFilename": "testresults",
        "overwrite": false,
        "html": true,
        "json": true,
        "charts": true
      },
      "version": "5.1.0"
    }
  }
}